{
  "ctx/composer_name": "Dr Joyce Smith",
  "ctx/health_care_facility|id": "999999-345",
  "ctx/health_care_facility|name": "Northumbria Community NHS",
  "ctx/id_namespace": "NHS-UK",
  "ctx/id_scheme": "2.16.840.1.113883.2.1.4.3",
  "ctx/language": "en",
  "ctx/territory": "GB",
	"ctx/time": "2015-02-22T00:11:02.518+02:00",
	"relevant_contacts/relevant_contacts:0/relevant_contact:0/personal_details/person_name/unstructured_name": "Joanne Smith",
	"relevant_contacts/relevant_contacts:0/relevant_contact:0/personal_details/telecom_details/unstuctured_telcoms": "mobile 055345 224567",
	"relevant_contacts/relevant_contacts:0/relevant_contact:0/relationship_category|code": "at0039",
	"relevant_contacts/relevant_contacts:0/relevant_contact:0/relationship": "Social worker",
	"relevant_contacts/relevant_contacts:0/relevant_contact:0/note": "Contact if there are issues re housing",
	"relevant_contacts/relevant_contacts:0/relevant_contact:0/date_updated": "2015-02-22T17:43:42.411Z",
	"relevant_contacts/relevant_contacts:0/relevant_contact:1/personal_details/person_name/unstructured_name": "Sheila Nisbett",
	"relevant_contacts/relevant_contacts:0/relevant_contact:1/personal_details/telecom_details/unstuctured_telcoms": "whatsapp: @shielanisbett003",
	"relevant_contacts/relevant_contacts:0/relevant_contact:1/relationship_category|code": "at0036",
	"relevant_contacts/relevant_contacts:0/relevant_contact:1/relationship": "Daughter",
	"relevant_contacts/relevant_contacts:0/relevant_contact:1/is_next_of_kin": true,
	"relevant_contacts/relevant_contacts:0/relevant_contact:1/note": "Has largely lost contact with her father",
	"relevant_contacts/relevant_contacts:0/relevant_contact:1/date_updated": "2015-02-22T17:43:42.411Z"
}