{
    "ctx/composer_name": "Dr Tony Shannon",
		"ctx/composer_id": "G33567",
    "ctx/health_care_facility|id": "999999-345",
    "ctx/health_care_facility|name": "Ripple Valley Hospital NHS",
    "ctx/id_namespace": "NHS-UK",
    "ctx/id_scheme": "2.16.840.1.113883.2.1.4.3",
    "ctx/language": "en",
    "ctx/territory": "GB",
    "ctx/time": "2015-10-22T00:11:02.518+02:00",
    "problem_list/problems_and_issues:0/problem_diagnosis:0/date_time_of_onset": "1995-01-22T16",
    "problem_list/problems_and_issues:0/problem_diagnosis:0/clinical_description": "only in summer",
    "problem_list/problems_and_issues:0/problem_diagnosis:0/problem_diagnosis_name": "Hay fever",
    "problem_list/problems_and_issues:0/problem_diagnosis:1/date_time_of_onset": "2000-07-17T12:30:37.553Z",
		"problem_list/problems_and_issues:0/problem_diagnosis:1/date_time_clinically_recognised": "2000-07-17",
    "problem_list/problems_and_issues:0/problem_diagnosis:1/diagnostic_certainty|code": "at0074",
    "problem_list/problems_and_issues:0/problem_diagnosis:1/diagnostic_certainty|terminology": "local",
    "problem_list/problems_and_issues:0/problem_diagnosis:1/diagnostic_certainty|value": "Suspected",
    "problem_list/problems_and_issues:0/problem_diagnosis:1/problem_diagnosis_name|code": "299757012",
    "problem_list/problems_and_issues:0/problem_diagnosis:1/problem_diagnosis_name|terminology": "SNOMED-CT",
    "problem_list/problems_and_issues:0/problem_diagnosis:1/problem_diagnosis_name|value": "angina pectoris",
    "problem_list/problems_and_issues:0/problem_diagnosis:2/date_time_of_onset": "1984-07-17T12:30:37.553Z",
		"problem_list/problems_and_issues:0/problem_diagnosis:2/date_time_clinically_recognised": "1984-09-09",
    "problem_list/problems_and_issues:0/problem_diagnosis:2/problem_diagnosis_name|code": "301485011",
    "problem_list/problems_and_issues:0/problem_diagnosis:2/problem_diagnosis_name|terminology": "SNOMED-CT",
    "problem_list/problems_and_issues:0/problem_diagnosis:2/problem_diagnosis_name|value": "asthma",	
    "problem_list/problems_and_issues:0/problem_diagnosis:3/date_time_of_onset": "1985-03-22T12:30:37.553Z",
		"problem_list/problems_and_issues:0/problem_diagnosis:3/date_time_clinically_recognised": "1985-03-22",
    "problem_list/problems_and_issues:0/problem_diagnosis:3/problem_diagnosis_name|code": "71923017",
    "problem_list/problems_and_issues:0/problem_diagnosis:3/problem_diagnosis_name|terminology": "SNOMED-CT",
    "problem_list/problems_and_issues:0/problem_diagnosis:3/problem_diagnosis_name|value": "eczema",
    "problem_list/problems_and_issues:0/problem_diagnosis:4/date_time_of_onset": "2014-07-24T12:30:37.553Z",
		"problem_list/problems_and_issues:0/problem_diagnosis:4/date_time_clinically_recognised": "2014-07-25",
    "problem_list/problems_and_issues:0/problem_diagnosis:4/problem_diagnosis_name|code": "250503019",
    "problem_list/problems_and_issues:0/problem_diagnosis:4/problem_diagnosis_name|terminology": "SNOMED-CT",
    "problem_list/problems_and_issues:0/problem_diagnosis:4/problem_diagnosis_name|value": "homeless single person",
    "problem_list/problems_and_issues:0/problem_diagnosis:5/date_time_clinically_recognised": "2010-09-12",
    "problem_list/problems_and_issues:0/problem_diagnosis:5/date_time_of_onset": "2010-09-10",
    "problem_list/problems_and_issues:0/problem_diagnosis:5/problem_diagnosis_name|code": "22298006",
    "problem_list/problems_and_issues:0/problem_diagnosis:5/problem_diagnosis_name|terminology": "SNOMED-CT",
    "problem_list/problems_and_issues:0/problem_diagnosis:5/problem_diagnosis_name|value": "myocardial infarction"
}
