{
    "ctx/composer_name": "Dr Tony Shannon",
		"ctx/composer_id": "G33567",
    "ctx/health_care_facility|id": "999999-345",
    "ctx/health_care_facility|name": "Ripple Valley Hospital NHS",
    "ctx/id_namespace": "NHS-UK",
    "ctx/id_scheme": "2.16.840.1.113883.2.1.4.3",
    "ctx/language": "en",
    "ctx/territory": "GB",
    "ctx/time": "2015-11-02T00:11:02.518+02:00",
    "problem_list/problems_and_issues:0/problem_diagnosis:0/date_time_of_onset": "1995-01-22T16",
    "problem_list/problems_and_issues:0/problem_diagnosis:0/clinical_description": "only in summer",
    "problem_list/problems_and_issues:0/problem_diagnosis:0/problem_diagnosis_name": "wheeze",
    "problem_list/problems_and_issues:0/problem_diagnosis:1/date_time_of_onset": "2000-07-17T12:30:37.553Z",
		"problem_list/problems_and_issues:0/problem_diagnosis:1/date_time_clinically_recognised": "2000-07-17",
    "problem_list/problems_and_issues:0/problem_diagnosis:1/diagnostic_certainty|code": "at0074",
    "problem_list/problems_and_issues:0/problem_diagnosis:1/diagnostic_certainty|terminology": "local",
    "problem_list/problems_and_issues:0/problem_diagnosis:1/diagnostic_certainty|value": "Suspected",
    "problem_list/problems_and_issues:0/problem_diagnosis:1/problem_diagnosis_name|code": "299757012",
    "problem_list/problems_and_issues:0/problem_diagnosis:1/problem_diagnosis_name|terminology": "SNOMED-CT",
    "problem_list/problems_and_issues:0/problem_diagnosis:1/problem_diagnosis_name|value": "angina pectoris",
    "problem_list/problems_and_issues:0/problem_diagnosis:2/date_time_of_onset": "1984-07-17T12:30:37.553Z",
		"problem_list/problems_and_issues:0/problem_diagnosis:2/date_time_clinically_recognised": "1984-09-09",
    "problem_list/problems_and_issues:0/problem_diagnosis:2/problem_diagnosis_name|code": "136450051",
    "problem_list/problems_and_issues:0/problem_diagnosis:2/problem_diagnosis_name|terminology": "SNOMED-CT",
    "problem_list/problems_and_issues:0/problem_diagnosis:2/problem_diagnosis_name|value": "Chronic obstructive lung disease",	
    "problem_list/problems_and_issues:0/problem_diagnosis:3/date_time_of_onset": "1975-03-22T12:30:37.553Z",
		"problem_list/problems_and_issues:0/problem_diagnosis:3/date_time_clinically_recognised": "1985-03-22",
    "problem_list/problems_and_issues:0/problem_diagnosis:3/problem_diagnosis_name|code": "9014002",
    "problem_list/problems_and_issues:0/problem_diagnosis:3/problem_diagnosis_name|terminology": "SNOMED-CT",
    "problem_list/problems_and_issues:0/problem_diagnosis:3/problem_diagnosis_name|value": "psoriasis",
	  "problem_list/problems_and_issues:0/problem_diagnosis:3/body_site:0|code": "1927002",
	  "problem_list/problems_and_issues:0/problem_diagnosis:3/body_site:0|terminology": "SNOMED-CT",
	  "problem_list/problems_and_issues:0/problem_diagnosis:3/body_site:0|value": "Left elbow",
    "problem_list/problems_and_issues:0/problem_diagnosis:4/date_time_of_onset": "2014-07-24T12:30:37.553Z",
		"problem_list/problems_and_issues:0/problem_diagnosis:4/date_time_clinically_recognised": "2014-07-25",
    "problem_list/problems_and_issues:0/problem_diagnosis:4/problem_diagnosis_name|code": "151921000119105",
    "problem_list/problems_and_issues:0/problem_diagnosis:4/problem_diagnosis_name|terminology": "SNOMED-CT",
    "problem_list/problems_and_issues:0/problem_diagnosis:4/problem_diagnosis_name|value": "Cares for sick or handicapped family member",
    "problem_list/problems_and_issues:0/problem_diagnosis:5/date_time_clinically_recognised": "2010-09-12",
    "problem_list/problems_and_issues:0/problem_diagnosis:5/date_time_of_onset": "2010-09-10",
    "problem_list/problems_and_issues:0/problem_diagnosis:5/problem_diagnosis_name|code": "22298006",
    "problem_list/problems_and_issues:0/problem_diagnosis:5/problem_diagnosis_name|terminology": "SNOMED-CT",
    "problem_list/problems_and_issues:0/problem_diagnosis:5/problem_diagnosis_name|value": "myocardial infarction",
    "problem_list/problems_and_issues:0/problem_diagnosis:5/diagnostic_certainty|code": "at0076",
    "problem_list/problems_and_issues:0/problem_diagnosis:5/diagnostic_certainty|terminology": "local",
    "problem_list/problems_and_issues:0/problem_diagnosis:5/diagnostic_certainty|value": "Confirmed",
    "problem_list/problems_and_issues:0/problem_diagnosis:6/date_time_clinically_recognised": "2010-09-12",
    "problem_list/problems_and_issues:0/problem_diagnosis:6/date_time_of_onset": "2008-05-10",
    "problem_list/problems_and_issues:0/problem_diagnosis:6/problem_diagnosis_name|code": "22298006",
    "problem_list/problems_and_issues:0/problem_diagnosis:6/problem_diagnosis_name|terminology": "SNOMED-CT",
    "problem_list/problems_and_issues:0/problem_diagnosis:6/problem_diagnosis_name|value": "myocardial infarction",
    "problem_list/problems_and_issues:0/problem_diagnosis:6/diagnostic_certainty|code": "at0076",
    "problem_list/problems_and_issues:0/problem_diagnosis:6/diagnostic_certainty|terminology": "local",
    "problem_list/problems_and_issues:0/problem_diagnosis:6/diagnostic_certainty|value": "Confirmed"
}
