{
    "ctx/composer_name": "Dr Tony Shannon",
		"ctx/composer_id": "G33567",
    "ctx/health_care_facility|id": "999999-345",
    "ctx/health_care_facility|name": "Ripple Valley Hospital NHS",
    "ctx/id_namespace": "NHS-UK",
    "ctx/id_scheme": "2.16.840.1.113883.2.1.4.3",
    "ctx/language": "en",
    "ctx/territory": "GB",
    "ctx/time": "2015-01-22T00:11:02.518+02:00",
    "problem_list/problems_and_issues:0/problem_diagnosis:0/date_time_of_onset": "1995-01-22T16",
    "problem_list/problems_and_issues:0/problem_diagnosis:0/clinical_description": "diagnosis elusive",
    "problem_list/problems_and_issues:0/problem_diagnosis:0/problem_diagnosis_name": "chronic back pain",
    "problem_list/problems_and_issues:0/problem_diagnosis:1/date_time_of_onset": "2000-07-17T12:30:37.553Z",
		"problem_list/problems_and_issues:0/problem_diagnosis:1/date_time_clinically_recognised": "2000-07-17",
    "problem_list/problems_and_issues:0/problem_diagnosis:1/diagnostic_certainty|code": "at0074",
    "problem_list/problems_and_issues:0/problem_diagnosis:1/diagnostic_certainty|terminology": "local",
    "problem_list/problems_and_issues:0/problem_diagnosis:1/diagnostic_certainty|value": "Suspected",
    "problem_list/problems_and_issues:0/problem_diagnosis:1/problem_diagnosis_name|code": "299757012",
    "problem_list/problems_and_issues:0/problem_diagnosis:1/problem_diagnosis_name|terminology": "SNOMED-CT",
    "problem_list/problems_and_issues:0/problem_diagnosis:1/problem_diagnosis_name|value": "angina pectoris",
    "problem_list/problems_and_issues:0/problem_diagnosis:2/date_time_of_onset": "1984",
		"problem_list/problems_and_issues:0/problem_diagnosis:2/date_time_clinically_recognised": "1989-09-09",
    "problem_list/problems_and_issues:0/problem_diagnosis:2/problem_diagnosis_name|code": " 64766004",
    "problem_list/problems_and_issues:0/problem_diagnosis:2/problem_diagnosis_name|terminology": "SNOMED-CT",
    "problem_list/problems_and_issues:0/problem_diagnosis:2/problem_diagnosis_name|value": "ulcerative colitis",	
    "problem_list/problems_and_issues:0/problem_diagnosis:3/date_time_of_onset": "1985-03-22",
		"problem_list/problems_and_issues:0/problem_diagnosis:3/date_time_clinically_recognised": "1985-03-22",
    "problem_list/problems_and_issues:0/problem_diagnosis:3/problem_diagnosis_name|code": "399068003",
    "problem_list/problems_and_issues:0/problem_diagnosis:3/problem_diagnosis_name|terminology": "SNOMED-CT",
    "problem_list/problems_and_issues:0/problem_diagnosis:3/problem_diagnosis_name|value": "malignant tumor of prostate",
    "problem_list/problems_and_issues:0/problem_diagnosis:4/date_time_clinically_recognised": "2010-09-12",
    "problem_list/problems_and_issues:0/problem_diagnosis:4/date_time_of_onset": "2010-09-10",
    "problem_list/problems_and_issues:0/problem_diagnosis:4/problem_diagnosis_name|code": "22298006",
    "problem_list/problems_and_issues:0/problem_diagnosis:4/problem_diagnosis_name|terminology": "SNOMED-CT",
    "problem_list/problems_and_issues:0/problem_diagnosis:4/problem_diagnosis_name|value": "myocardial infarction",
		"problem_list/problems_and_issues:0/problem_diagnosis:4/diagnostic_certainty|code": "at0076",
    "problem_list/problems_and_issues:0/problem_diagnosis:4/diagnostic_certainty|terminology": "local",
    "problem_list/problems_and_issues:0/problem_diagnosis:4/diagnostic_certainty|value": "Confirmed"
}
