{
    "ctx/composer_name": "Dr Joyce Smith",
    "ctx/health_care_facility|id": "999999-345",
    "ctx/health_care_facility|name": "Northumbria Community NHS",
    "ctx/id_namespace": "NHS-UK",
    "ctx/id_scheme": "2.16.840.1.113883.2.1.4.3",
    "ctx/language": "en",
    "ctx/territory": "GB",
    "ctx/time": "2015-02-23T00:11:02.518+02:00",
    "idcr_transfer_of_care_summary_minimal/admission_details:0/reason_for_encounter:0/presenting_problem:0": "Wheeze, chest tightness",
    "idcr_transfer_of_care_summary_minimal/allergies_and_adverse_reactions/adverse_reaction:0/causative_agent|code": "9193600",
    "idcr_transfer_of_care_summary_minimal/allergies_and_adverse_reactions/adverse_reaction:0/causative_agent|terminology": "SNOMED-CT",
    "idcr_transfer_of_care_summary_minimal/allergies_and_adverse_reactions/adverse_reaction:0/causative_agent|value": "allergy to penicillin",
    "idcr_transfer_of_care_summary_minimal/allergies_and_adverse_reactions/adverse_reaction:0/reaction_details/date_recorded": "2015-03-04T10:55:38.145Z",
    "idcr_transfer_of_care_summary_minimal/allergies_and_adverse_reactions/adverse_reaction:0/reaction_details/reaction|code": "66382015",
    "idcr_transfer_of_care_summary_minimal/allergies_and_adverse_reactions/adverse_reaction:0/reaction_details/reaction|terminology": "SNOMED-CT",
    "idcr_transfer_of_care_summary_minimal/allergies_and_adverse_reactions/adverse_reaction:0/reaction_details/reaction|value": "anaphylaxis",
    "idcr_transfer_of_care_summary_minimal/clinical_summary:0/clinical_synopsis:0/summary": "Exascerbation of asthma after exposure to friend's cat. Stormy course at first but quickly settled. Social services have been contacted re housing problems.",
    "idcr_transfer_of_care_summary_minimal/diagnoses:0/problem_diagnosis_summary:0/clinical_description": "Exposure to cat dander",
    "idcr_transfer_of_care_summary_minimal/diagnoses:0/problem_diagnosis_summary:0/date_time_clinically_recognised": "2015-03-04T10:55:38.145Z",
    "idcr_transfer_of_care_summary_minimal/diagnoses:0/problem_diagnosis_summary:0/diagnosis": "Asthma",
    "idcr_transfer_of_care_summary_minimal/medication_and_medical_devices/current_medication/medication_statement:0/medication_event_summary/first_authorised/date_first_authorised": "2015-03-04T10:55:38.145Z",
    "idcr_transfer_of_care_summary_minimal/medication_and_medical_devices/current_medication/medication_statement:0/medication_event_summary/last_administered/date_last_administered": "2015-03-04T10:55:38.145Z",
    "idcr_transfer_of_care_summary_minimal/medication_and_medical_devices/current_medication/medication_statement:0/medication_item/additional_instruction": "for wheeze",
    "idcr_transfer_of_care_summary_minimal/medication_and_medical_devices/current_medication/medication_statement:0/medication_item/course_details/course_status|code": "at0054",
    "idcr_transfer_of_care_summary_minimal/medication_and_medical_devices/current_medication/medication_statement:0/medication_item/course_details/indication": "Asthma",
    "idcr_transfer_of_care_summary_minimal/medication_and_medical_devices/current_medication/medication_statement:0/medication_item/dose_amount_description": "2 puffs",
    "idcr_transfer_of_care_summary_minimal/medication_and_medical_devices/current_medication/medication_statement:0/medication_item/dose_timing_description": "as required",
    "idcr_transfer_of_care_summary_minimal/medication_and_medical_devices/current_medication/medication_statement:0/medication_item/form|code": "2616652018",
    "idcr_transfer_of_care_summary_minimal/medication_and_medical_devices/current_medication/medication_statement:0/medication_item/form|terminology": "SNOMED-CT",
    "idcr_transfer_of_care_summary_minimal/medication_and_medical_devices/current_medication/medication_statement:0/medication_item/form|value": "Metered dose inhaler",
    "idcr_transfer_of_care_summary_minimal/medication_and_medical_devices/current_medication/medication_statement:0/medication_item/medication_name|code": "320151000",
    "idcr_transfer_of_care_summary_minimal/medication_and_medical_devices/current_medication/medication_statement:0/medication_item/medication_name|terminology": "SNOMED-CT",
    "idcr_transfer_of_care_summary_minimal/medication_and_medical_devices/current_medication/medication_statement:0/medication_item/medication_name|value": "Salbutamol 100micrograms/dose breath actuated inhaler CFC free",
    "idcr_transfer_of_care_summary_minimal/medication_and_medical_devices/current_medication/medication_statement:0/medication_item/route|code": "64072601000001116",
    "idcr_transfer_of_care_summary_minimal/medication_and_medical_devices/current_medication/medication_statement:0/medication_item/route|terminology": "SNOMED-CT",
    "idcr_transfer_of_care_summary_minimal/medication_and_medical_devices/current_medication/medication_statement:0/medication_item/route|value": "inhalation",
    "idcr_transfer_of_care_summary_minimal/problems_and_issues:0/problem_diagnosis_summary:0/clinical_description": "Currently homless",
    "idcr_transfer_of_care_summary_minimal/problems_and_issues:0/problem_diagnosis_summary:0/problem": "Housing problem",
    "idcr_transfer_of_care_summary_minimal/relevant_contacts:0/relevant_contact:0/date_updated": "2015-03-17T19:46:12.600Z",
    "idcr_transfer_of_care_summary_minimal/relevant_contacts:0/relevant_contact:0/personal_details/person_name/full_name": "Shona Byrne",
    "idcr_transfer_of_care_summary_minimal/relevant_contacts:0/relevant_contact:0/personal_details/professional_group": "Junior doctor",
    "idcr_transfer_of_care_summary_minimal/relevant_contacts:0/relevant_contact:0/personal_details/telecom_details/telcoms": "page 3367848",
    "idcr_transfer_of_care_summary_minimal/relevant_contacts:0/relevant_contact:0/relationship": "Ward doctor",
    "idcr_transfer_of_care_summary_minimal/relevant_contacts:0/relevant_contact:0/relationship_category|code": "at0038",
    "idcr_transfer_of_care_summary_minimal/relevant_contacts:0/relevant_contact:1/date_updated": "2015-03-17T19:46:12.600Z",
    "idcr_transfer_of_care_summary_minimal/relevant_contacts:0/relevant_contact:1/personal_details/person_name/full_name": "Charlie Staight",
    "idcr_transfer_of_care_summary_minimal/relevant_contacts:0/relevant_contact:1/personal_details/professional_group": "Staff nurse",
    "idcr_transfer_of_care_summary_minimal/relevant_contacts:0/relevant_contact:1/personal_details/telecom_details/telcoms": "0344 345678 ext 236",
    "idcr_transfer_of_care_summary_minimal/relevant_contacts:0/relevant_contact:1/relationship": "Nominated nurse",
    "idcr_transfer_of_care_summary_minimal/relevant_contacts:0/relevant_contact:1/relationship_category|code": "at0039"
}
