{
  "ctx/composer_name": "Dr Joyce Smith",
  "ctx/health_care_facility|id": "999999-345",
  "ctx/health_care_facility|name": "Northumbria Community NHS",
  "ctx/id_namespace": "NHS-UK",
  "ctx/id_scheme": "2.16.840.1.113883.2.1.4.3",
  "ctx/language": "en",
  "ctx/territory": "GB",
	"ctx/time": "2015-08-22T00:11:02.518+02:00",
    "end_of_life_patient_preferences/legal_information:0/preferred_priorities_of_care:0/preferred_place_of_care:0|code": "at0008",
    "end_of_life_patient_preferences/legal_information:0/preferred_priorities_of_care:0/preferred_place_of_death:0|code": "at0018",
    "end_of_life_patient_preferences/legal_information:0/preferred_priorities_of_care:0/comment": "If needs hospital, had bad experience in St Elsewhere's Hospital, prefers Leeds General",
    "end_of_life_patient_preferences/legal_information:0/advance_decision_to_refuse_treatment/decision_status|code": "at0005",
    "end_of_life_patient_preferences/legal_information:0/advance_decision_to_refuse_treatment/date_of_decision": "2015-07-29T12:18:39.526Z",
    "end_of_life_patient_preferences/legal_information:0/advance_decision_to_refuse_treatment/comment": "Advanced decision to Refuse Treament/Comment",
    "end_of_life_patient_preferences/legal_information:0/cpr_decision/cpr_decision|code": "at0005",
    "end_of_life_patient_preferences/legal_information:0/cpr_decision/date_of_cpr_decision": "2015-07-29T12:18:39.526Z",
    "end_of_life_patient_preferences/legal_information:0/cpr_decision/comment": "Wife knows but not sister"
}