{
  "ctx/composer_name": "Dr Joyce Smith",
  "ctx/health_care_facility|id": "999999-345",
  "ctx/health_care_facility|name": "Northumbria Community NHS",
  "ctx/id_namespace": "NHS-UK",
  "ctx/id_scheme": "2.16.840.1.113883.2.1.4.3",
  "ctx/language": "en",
  "ctx/territory": "GB",
	"ctx/time": "2014-04-20T00:11:02.518+02:00",    "nursing_vital_signs_observations/vital_signs:0/respirations:0/any_event:0/rate|magnitude": 33,
    "nursing_vital_signs_observations/vital_signs:0/respirations:0/any_event:0/rate|unit": "/min",
    "nursing_vital_signs_observations/vital_signs:0/respirations:0/any_event:0/time": "2014-05-20T14:18:07.339Z",
    "nursing_vital_signs_observations/vital_signs:1/blood_pressure:0/any_event:0/systolic|magnitude": 152,
    "nursing_vital_signs_observations/vital_signs:1/blood_pressure:0/any_event:0/systolic|unit": "mm[Hg]",
    "nursing_vital_signs_observations/vital_signs:1/blood_pressure:0/any_event:0/diastolic|magnitude": 96,
    "nursing_vital_signs_observations/vital_signs:1/blood_pressure:0/any_event:0/diastolic|unit": "mm[Hg]",
    "nursing_vital_signs_observations/vital_signs:1/blood_pressure:0/any_event:0/time": "2014-05-20T14:18:07.339Z",
    "nursing_vital_signs_observations/vital_signs:2/pulse:0/any_event:0/heart_rate|magnitude": 88,
    "nursing_vital_signs_observations/vital_signs:2/pulse:0/any_event:0/heart_rate|unit": "/min",
    "nursing_vital_signs_observations/vital_signs:2/pulse:0/any_event:0/time": "2014-05-20T14:18:07.339Z",
    "nursing_vital_signs_observations/vital_signs:3/indirect_oximetry:0/any_event:0/spo2|numerator": 94,
    "nursing_vital_signs_observations/vital_signs:3/indirect_oximetry:0/any_event:0/spo2|denominator": 100,
    "nursing_vital_signs_observations/vital_signs:3/indirect_oximetry:0/any_event:0/time": "2014-05-20T14:18:07.339Z"
}