{
<<<<<<< HEAD
	  "ctx/composer_name": "{{Author}}::Dr Joyce Smith",
=======
	  "ctx/composer_name": "{Referral From}::Dr Joyce Smith",
>>>>>>> ac6df8423f69195390a8f975bd7aa5e3ea2d961d
	  "ctx/health_care_facility|id": "999999-345",
	  "ctx/health_care_facility|name": "Northumbria Community NHS",
	  "ctx/id_namespace": "NHS-UK",
	  "ctx/id_scheme": "2.16.840.1.113883.2.1.4.3",
	  "ctx/language": "en",
	  "ctx/territory": "GB",
<<<<<<< HEAD
		"ctx/time": "2015-04-22T00:11:02.518+02:00",
    "referral/referral_details:0/referral_request/request/referral_to": "{{Referral To}}::Prostate cancer MDT",
    "referral/referral_details:0/referral_request/request/reason_for_referral": "{{Reason For Referral}}:: Worsening back pain",
    "referral/referral_details:0/referral_request/request/clinical_summary": "{{Clinical Summary}::Patients back pain now becoming severe. No red flag signs.",
 	 "referral/referral_details:0/referral_request/referral_from/unstructured_name": "{{Referral from}}::Dr Joyce Smith",
		
    "referral/referral_details:0/referral_request/request/timing": "R4/2015-07-29T13:00:00+02:00/P1M",
    "referral/referral_details:0/referral_request/narrative": "Prostate Cancer MDT Referral",
		"referral/referral_details:0/order_referral/referral_from/unstructured_name": "{{Referral From}}::Dr Joyce Smith",
    "referral/referral_details:0/order_referral/ism_transition/current_state|code": "526",
    "referral/referral_details:0/order_referral/ism_transition/current_state|value": "planned",
	  "referral/referral_details:0/order_referral/ism_transition/careflow_step|code": "at0002",
    "referral/referral_details:0/order_referral/ism_transition/careflow_step|value": "Referral planned", 		"referral/referral_details:0/order_referral/referral_to": "{{Referral To}}::Prostate cancer MDT",
    "referral/referral_details:0/order_referral/receiver/address:0/address_type|code": "at0013",
    "referral/referral_details:0/order_referral/receiver/address:0/location": "{{Location}}::Leeds Royal Infirmary",
	  "referral/referral_details:0/order_referral/time": "{{Date of Referral}}::2015-07-29T11:29:54.879Z",
=======
		"ctx/time": "2015-02-22T00:11:02.518+02:00",
    "referral/referral_details:0/referral_request/request/referral_to": "{{Referral To}}::Prostate cancer MDT",
    "referral/referral_details:0/referral_request/request/reason_for_referral": "{{Reason For Referral}}:: Worsening back pain",
    "referral/referral_details:0/referral_request/request/clinical_summary": "{{Clinical Summary}::Patients back pain now becoming severe. No red flag signs.",
    "referral/referral_details:0/referral_request/request/timing": "R4/2015-07-29T13:00:00+02:00/P1M",
    "referral/referral_details:0/referral_request/narrative": "Prostate Cancer MDT Referral",
    "referral/referral_details:0/order_referral/ism_transition/current_state|code": "526",
    "referral/referral_details:0/order_referral/ism_transition/current_state|value": "planned",
	  "referral/referral_details:0/order_referral/ism_transition/careflow_step|code": "at0002",
    "referral/referral_details:0/order_referral/ism_transition/careflow_step|value": "Referral planned", "referral/referral_details:0/order_referral/referral_to": "{Referral To}::Prostate cancer MDT",
    "referral/referral_details:0/order_referral/receiver/address:0/address_type|code": "at0013",
    "referral/referral_details:0/order_referral/receiver/address:0/location": "{{Location}}::Leeds Royal Infirmary",
    "referral/referral_details:0/order_referral/time": "{{Date of Referral}}::2015-07-29T11:29:54.879Z",
>>>>>>> ac6df8423f69195390a8f975bd7aa5e3ea2d961d
		
    "referral/referral_details:0/schedule_appointment/ism_transition/current_state|code": "529",
    "referral/referral_details:0/schedule_appointment/ism_transition/current_state|value": "scheduled",
    "referral/referral_details:0/schedule_appointment/ism_transition/careflow_step|code": "at0003",
<<<<<<< HEAD
    "referral/referral_details:0/schedule_appointment/ism_transition/careflow_step|value": "Appointment scheduled",
		"referral/referral_details:0/schedule_appointment/referral_from/unstructured_name": "{{Referral From}}::Dr Joyce Smith",
=======
    "referral/referral_details:0/schedule_appointment/ism_transition/current_state|value": "Appointment scheduled",
>>>>>>> ac6df8423f69195390a8f975bd7aa5e3ea2d961d
    "referral/referral_details:0/schedule_appointment/referral_to": "{{Referral To}}::Prostate cancer MDT",
		"referral/referral_details:0/schedule_appointment/appointment_schedule/lower": "{{Appointment date}}2015-08-05T11:30:00.879Z",
    "referral/referral_details:0/schedule_appointment/appointment_schedule/upper": "{{Appointment date}}2015-08-05T12:00.879Z",
	  "referral/referral_details:0/schedule_appointment/receiver/address:0/address_type|code": "// Fixed code // at0013",
    "referral/referral_details:0/schedule_appointment/receiver/address:0/location": "{{Location}}::Leeds Royal Infirmary",
    "referral/referral_details:0/schedule_appointment/time": "// Date that the appointment was made//:: 2015-07-29T11:29:54.879Z"
<<<<<<< HEAD
}  
=======
}
>>>>>>> ac6df8423f69195390a8f975bd7aa5e3ea2d961d
