{
  "ctx/composer_name": "Dr Joyce Smith",
  "ctx/health_care_facility|id": "999999-345",
  "ctx/health_care_facility|name": "Northumbria Community NHS",
  "ctx/id_namespace": "NHS-UK",
  "ctx/id_scheme": "2.16.840.1.113883.2.1.4.3",
  "ctx/language": "en",
  "ctx/territory": "GB",
	  "ctx/time": "2015-02-24T00:11:02.518+02:00",
    "allergies_list/allergies_and_adverse_reactions:0/adverse_reaction:0/causative_agent|value": "allergy to penicillin",
    "allergies_list/allergies_and_adverse_reactions:0/adverse_reaction:0/causative_agent|code": "91936005",
    "allergies_list/allergies_and_adverse_reactions:0/adverse_reaction:0/causative_agent|terminology": "SNOMED-CT",
	  "allergies_list/allergies_and_adverse_reactions:0/adverse_reaction:0/reaction_details/reaction|value": "eruption due to drug", 	  		"allergies_list/allergies_and_adverse_reactions:0/adverse_reaction:0/reaction_details/reaction|code": "28926001",
		"allergies_list/allergies_and_adverse_reactions:0/adverse_reaction:0/reaction_details/reaction|terminology": "SNOMED-CT",
    "allergies_list/allergies_and_adverse_reactions:0/adverse_reaction:0/reaction_details/comment": "History unclear"
}