{
  "ctx/composer_name": "Dr Joyce Smith",
  "ctx/health_care_facility|id": "999999-345",
  "ctx/health_care_facility|name": "Northumbria Community NHS",
  "ctx/id_namespace": "NHS-UK",
  "ctx/id_scheme": "2.16.840.1.113883.2.1.4.3",
  "ctx/language": "en",
  "ctx/territory": "GB",
	"ctx/time": "2015-02-22T00:11:02.518+02:00",
	  "ctx/participation_name:0": "Dr. Marcus Johnson",
	  "ctx/participation_function:0": "Oncologist",
	  "ctx/participation_mode:0": "face-to-face communication",
	  "ctx/participation_id:0": "1345678",
		"ctx/participation_name:1": "Heather Smith",
		"ctx/participation_function:1": "McMillan Nurse",
		"ctx/participation_mode:1": "face-to-face communication",
		"ctx/participation_id:1": "365672345",
		"ctx/participation_name:2": "Joyce Grenfell",
		 "ctx/participation_function:2": "District Nurse",
		 "ctx/participation_id:2": "3335622",
		 	"ctx/participation_mode:2": "videoconference",
		"cancer_mdt_output_report/context/document_attachment:0/document_type|value": "Multidisciplinary assessment record (record artifact)",
	  "cancer_mdt_output_report/context/document_attachment:0/document_type|code": "820041000000106",
	 	"cancer_mdt_output_report/context/document_attachment:0/document_type|terminology": "SNOMED-CT",
		"cancer_mdt_output_report/context/document_attachment:0/speciality|value": "Medical oncology",
		"cancer_mdt_output_report/context/document_attachment:0/speciality|code": "394593009",		 
		"cancer_mdt_output_report/context/document_attachment:0/speciality|terminology": "SNOMED-CT",		 
    "cancer_mdt_output_report/referral_details:0/mdt_referral/request:0/service_requested|value": "Referral for multidisciplinary review",
		"cancer_mdt_output_report/referral_details:0/mdt_referral/request:0/service_requested|code": "712941000000102",
		"cancer_mdt_output_report/referral_details:0/mdt_referral/request:0/service_requested|terminology": "SNOMED-CT",
    "cancer_mdt_output_report/referral_details:0/mdt_referral/request:0/urgency|code": "at0138",
    "cancer_mdt_output_report/referral_details:0/mdt_referral/request:0/date_or_time_service_required": "2015-02-22T00:11:02.518+02:00",
    "cancer_mdt_output_report/referral_details:0/mdt_referral/request:0/timing": "R1/2015-06-03T17:00:00+02:00/P2M",
    "cancer_mdt_output_report/referral_details:0/mdt_referral/narrative": "MDT referral",
    "cancer_mdt_output_report/referral_details:0/original_referral/request:0/service_requested|value": "Referral to oncologist (procedure)",
    "cancer_mdt_output_report/referral_details:0/original_referral/request:0/service_requested|code": "183529009",
    "cancer_mdt_output_report/referral_details:0/original_referral/request:0/service_requested|terminology": "SNOMED-CT",	
		"cancer_mdt_output_report/referral_details:0/original_referral/request:0/breach_date": "2015-06-03T15:37:40.970Z",
    "cancer_mdt_output_report/referral_details:0/original_referral/request:0/timing": "R2/2015-06-03T17:00:00+02:00/P3M",
    "cancer_mdt_output_report/referral_details:0/original_referral/narrative": "Referral to oncologist",
    "cancer_mdt_output_report/history:0/question_for_mdt/question_to_mdt": "Worsening low back pain",
    "cancer_mdt_output_report/history:0/story_history:0/story:0": "Gradually worsening low back pain over 3 week period",
    "cancer_mdt_output_report/history:0/significant_past_medical_history/problem_diagnosis:0/past_medical_history": "Angina",
    "cancer_mdt_output_report/history:0/significant_past_medical_history/problem_diagnosis:0/date_of_onset": "2005-05-03T15:37:40.970Z",
    "cancer_mdt_output_report/history:0/significant_past_medical_history/problem_diagnosis:0/comment": "Under control",
    "cancer_mdt_output_report/history:0/signifcant_factors/laboratory_test:0/any_event:0/test_name|value": "Prostate specific antigen measurement",
    "cancer_mdt_output_report/history:0/signifcant_factors/laboratory_test:0/any_event:0/test_name|terminology": "SNOMED-CT",
    "cancer_mdt_output_report/history:0/signifcant_factors/laboratory_test:0/any_event:0/test_name|code": "63476009",
    "cancer_mdt_output_report/history:0/signifcant_factors/laboratory_test:0/any_event:0/test_result|magnitude": 8.2,
    "cancer_mdt_output_report/history:0/signifcant_factors/laboratory_test:0/any_event:0/test_result|unit": "ng/ml",
    "cancer_mdt_output_report/history:0/signifcant_factors/physical_examination_findings:0/any_event:0/interpretation:0": "Normal digital rectal examination",
    "cancer_mdt_output_report/history:0/investigations_and_results:0/imaging_examination_result:0/examination_result_name": "Magnetic resonance imaging (procedure)",
    "cancer_mdt_output_report/history:0/investigations_and_results:0/imaging_examination_result:0/overall_result_status|code": "at0011",
    "cancer_mdt_output_report/history:0/investigations_and_results:0/imaging_examination_result:0/conclusion": "Normal",
    "cancer_mdt_output_report/history:0/investigations_and_results:0/histopathology:0/test_name": "Histopathology",
    "cancer_mdt_output_report/history:0/investigations_and_results:0/histopathology:0/overall_interpretation": "Prostatic carcinoma",
    "cancer_mdt_output_report/history:0/assessment_scales:0/who_performance_status:0/performance_status|code": "at0006",
    "cancer_mdt_output_report/history:0/assessment_scales:0/who_performance_status:0/performance_status|value": "Ambulatory and light work",
    "cancer_mdt_output_report/history:0/assessment_scales:0/who_performance_status:0/performance_status|ordinal": 2,
    "cancer_mdt_output_report/problems_and_diagnoses:0/primary_diagnoses/problem_diagnosis:0/problem_diagnosis_name|value": "adenocarcinoma of prostate",
		 "cancer_mdt_output_report/problems_and_diagnoses:0/primary_diagnoses/problem_diagnosis:0/problem_diagnosis_name|terminology": "SNOMED-CT",
		  "cancer_mdt_output_report/problems_and_diagnoses:0/primary_diagnoses/problem_diagnosis:0/problem_diagnosis_name|code": "399490008",
    "cancer_mdt_output_report/problems_and_diagnoses:0/primary_diagnoses/problem_diagnosis:0/date_of_onset": "2014-06-03T15:37:40.970Z",
    "cancer_mdt_output_report/problems_and_diagnoses:0/primary_diagnoses/problem_diagnosis:0/tumour_-_tnm_cancer_staging:0/clinical_ctnm/clinical_staging": "T2 M0 N0",
    "cancer_mdt_output_report/plan_and_requested_actions:0/recommendation:0/recommendation": "No evidence of spinal secondaries. Refer back to GP"
}