{
 "ctx/composer_name": "Dr Lab",
 "ctx/health_care_facility|id": "999999-34567",
 "ctx/health_care_facility|name": "Super Labs Inc",
 "ctx/id_namespace": "NHS-UK",
 "ctx/id_scheme": "2.16.840.1.113883.2.1.4.3",
 "ctx/language": "en",
 "ctx/territory": "GB",
 "ctx/time": "2015-10-31T00:15:17.518+02:00",
 "ctx/history_origin": "2015-10-28T00:15:42.518+02:00",
 "laboratory_test_report/laboratory_test/test_name|value": "lipids measurement",
 "laboratory_test_report/laboratory_test/test_name|code": "104780002",
 "laboratory_test_report/laboratory_test/test_name|terminology": "SNOMED-CT",
 "laboratory_test_report/laboratory_test/test_status|code": "at0038",
 "laboratory_test_report/laboratory_test/test_status|value": "Final",
 "laboratory_test_report/laboratory_test/test_status_timestamp": "2015-10-24T00:13:27.518+02:00",
 "laboratory_test_report/laboratory_test/laboratory_test_panel/laboratory_result:0/result_value/_name|value": "triglycerides measurement",
 "laboratory_test_report/laboratory_test/laboratory_test_panel/laboratory_result:0/result_value/_name|code": "14740000",
 "laboratory_test_report/laboratory_test/laboratory_test_panel/laboratory_result:0/result_value/_name|terminology": "SNOMED-CT",
 "laboratory_test_report/laboratory_test/laboratory_test_panel/laboratory_result:0/result_value|magnitude": 1.4,
 "laboratory_test_report/laboratory_test/laboratory_test_panel/laboratory_result:0/result_value|unit": "mmol/l",
 "laboratory_test_report/laboratory_test/laboratory_test_panel/laboratory_result:0/result_value/_normal_range/lower|magnitude": "0.6",
 "laboratory_test_report/laboratory_test/laboratory_test_panel/laboratory_result:0/result_value/_normal_range/lower|unit": "mmol/l",
 "laboratory_test_report/laboratory_test/laboratory_test_panel/laboratory_result:0/result_value/_normal_range/upper|magnitude": "2.3",
 "laboratory_test_report/laboratory_test/laboratory_test_panel/laboratory_result:0/result_value/_normal_range/upper|unit": "mmol/l",
 "laboratory_test_report/laboratory_test/laboratory_test_panel/laboratory_result:0/comment": "normal",
 "laboratory_test_report/laboratory_test/laboratory_test_panel/laboratory_result:1/result_value/_name|value": "total cholesterol measurement",
 "laboratory_test_report/laboratory_test/laboratory_test_panel/laboratory_result:1/result_value/_name|code": "121868005",
 "laboratory_test_report/laboratory_test/laboratory_test_panel/laboratory_result:1/result_value/_name|terminology": "SNOMED-CT",
 "laboratory_test_report/laboratory_test/laboratory_test_panel/laboratory_result:1/result_value|magnitude": 4.2,
 "laboratory_test_report/laboratory_test/laboratory_test_panel/laboratory_result:1/result_value|unit": "mmol/l",
 "laboratory_test_report/laboratory_test/laboratory_test_panel/laboratory_result:1/result_value/_normal_range/lower|magnitude": "0.1",
 "laboratory_test_report/laboratory_test/laboratory_test_panel/laboratory_result:1/result_value/_normal_range/lower|unit": "mmol/l",
 "laboratory_test_report/laboratory_test/laboratory_test_panel/laboratory_result:1/result_value/_normal_range/upper|magnitude": "5.2",
 "laboratory_test_report/laboratory_test/laboratory_test_panel/laboratory_result:1/result_value/_normal_range/upper|unit": "mmol/l",
 "laboratory_test_report/laboratory_test/laboratory_test_panel/laboratory_result:2/result_value/_name|value": "high density lipoprotein cholesterol measurement",
 "laboratory_test_report/laboratory_test/laboratory_test_panel/laboratory_result:2/result_value/_name|code": "28036006",
 "laboratory_test_report/laboratory_test/laboratory_test_panel/laboratory_result:2/result_value/_name|terminology": "SNOMED-CT",
 "laboratory_test_report/laboratory_test/laboratory_test_panel/laboratory_result:2/result_value|magnitude": 0.3,
 "laboratory_test_report/laboratory_test/laboratory_test_panel/laboratory_result:2/result_value|unit": "mmol/l",
 "laboratory_test_report/laboratory_test/laboratory_test_panel/laboratory_result:2/result_value/_normal_range/lower|magnitude": "0.1",
 "laboratory_test_report/laboratory_test/laboratory_test_panel/laboratory_result:2/result_value/_normal_range/lower|unit": "mmol/l",
 "laboratory_test_report/laboratory_test/laboratory_test_panel/laboratory_result:2/result_value/_normal_range/upper|magnitude": "0.9",
 "laboratory_test_report/laboratory_test/laboratory_test_panel/laboratory_result:2/result_value/_normal_range/upper|unit": "mmol/l",
 "laboratory_test_report/laboratory_test/laboratory_test_panel/laboratory_result:3/result_value/_name|code": "low density lipoprotein cholesterol measurement",
 "laboratory_test_report/laboratory_test/laboratory_test_panel/laboratory_result:3/result_value/_name|value": "113079009",
 "laboratory_test_report/laboratory_test/laboratory_test_panel/laboratory_result:3/result_value/_name|terminology": "SNOMED-CT",
 "laboratory_test_report/laboratory_test/laboratory_test_panel/laboratory_result:3/result_value|magnitude": "2.4",
 "laboratory_test_report/laboratory_test/laboratory_test_panel/laboratory_result:3/result_value|unit": "mmol/l",
 "laboratory_test_report/laboratory_test/laboratory_test_panel/laboratory_result:3/result_value/_normal_range/lower|magnitude": "0.1",
 "laboratory_test_report/laboratory_test/laboratory_test_panel/laboratory_result:3/result_value/_normal_range/lower|unit": "mmol/l",
 "laboratory_test_report/laboratory_test/laboratory_test_panel/laboratory_result:3/result_value/_normal_range/upper|magnitude": "3.0",
 "laboratory_test_report/laboratory_test/laboratory_test_panel/laboratory_result:3/result_value/_normal_range/upper|unit": "mmol/l",
 "laboratory_test_report/laboratory_test/conclusion": "result within acceptable ranges"
}
