{
 "ctx/composer_name": "Dr Lab",
 "ctx/health_care_facility|id": "999999-34567",
 "ctx/health_care_facility|name": "Super Labs Inc",
 "ctx/id_namespace": "NHS-UK",
 "ctx/id_scheme": "2.16.840.1.113883.2.1.4.3",
 "ctx/language": "en",
 "ctx/territory": "GB",
 "ctx/time": "2015-04-15T00:11:02.518+02:00",
 "ctx/history_origin": "2015-04-10T00:11:02.518+02:00",
 "laboratory_test_report/laboratory_test/test_name|value": "Urea, electrolytes and creatinine measurement",
 "laboratory_test_report/laboratory_test/test_name|code": "444164000",
 "laboratory_test_report/laboratory_test/test_name|terminology": "SNOMED-CT",
 "laboratory_test_report/laboratory_test/test_status|code": "at0038",
 "laboratory_test_report/laboratory_test/test_status|value": "Final",
 "laboratory_test_report/laboratory_test/test_status_timestamp": "2015-04-10T00:11:02.518+02:00",
 "laboratory_test_report/laboratory_test/laboratory_test_panel/laboratory_result:0/result_value/_name|value": "Urea",
 "laboratory_test_report/laboratory_test/laboratory_test_panel/laboratory_result:0/result_value/_name|code": "365755003",
 "laboratory_test_report/laboratory_test/laboratory_test_panel/laboratory_result:0/result_value/_name|terminology": "SNOMED-CT",
 "laboratory_test_report/laboratory_test/laboratory_test_panel/laboratory_result:0/result_value|magnitude": 3.6,
 "laboratory_test_report/laboratory_test/laboratory_test_panel/laboratory_result:0/result_value|unit": "mmol/l",
 "laboratory_test_report/laboratory_test/laboratory_test_panel/laboratory_result:0/result_value/_normal_range/lower|magnitude": "2.5",
 "laboratory_test_report/laboratory_test/laboratory_test_panel/laboratory_result:0/result_value/_normal_range/lower|unit": "mmol/l",
 "laboratory_test_report/laboratory_test/laboratory_test_panel/laboratory_result:0/result_value/_normal_range/upper|magnitude": "6.6",
 "laboratory_test_report/laboratory_test/laboratory_test_panel/laboratory_result:0/result_value/_normal_range/upper|unit": "mmol/l",
 "laboratory_test_report/laboratory_test/laboratory_test_panel/laboratory_result:0/comment": "this is free text",
 "laboratory_test_report/laboratory_test/laboratory_test_panel/laboratory_result:1/result_value/_name|value": "Creatinine",
 "laboratory_test_report/laboratory_test/laboratory_test_panel/laboratory_result:1/result_value/_name|code": "70901006",
 "laboratory_test_report/laboratory_test/laboratory_test_panel/laboratory_result:1/result_value/_name|terminology": "SNOMED-CT",
 "laboratory_test_report/laboratory_test/laboratory_test_panel/laboratory_result:1/result_value|magnitude": 97,
 "laboratory_test_report/laboratory_test/laboratory_test_panel/laboratory_result:1/result_value|unit": "mmol/l",
 "laboratory_test_report/laboratory_test/laboratory_test_panel/laboratory_result:1/result_value/_normal_range/lower|magnitude": "80",
 "laboratory_test_report/laboratory_test/laboratory_test_panel/laboratory_result:1/result_value/_normal_range/lower|unit": "mmol/l",
 "laboratory_test_report/laboratory_test/laboratory_test_panel/laboratory_result:1/result_value/_normal_range/upper|magnitude": "110",
 "laboratory_test_report/laboratory_test/laboratory_test_panel/laboratory_result:1/result_value/_normal_range/upper|unit": "mmol/l",
 "laboratory_test_report/laboratory_test/laboratory_test_panel/laboratory_result:2/result_value/_name|value": "Sodium",
 "laboratory_test_report/laboratory_test/laboratory_test_panel/laboratory_result:2/result_value/_name|code": "365761000",
 "laboratory_test_report/laboratory_test/laboratory_test_panel/laboratory_result:2/result_value/_name|terminology": "SNOMED-CT",
 "laboratory_test_report/laboratory_test/laboratory_test_panel/laboratory_result:2/result_value|magnitude": 122,
 "laboratory_test_report/laboratory_test/laboratory_test_panel/laboratory_result:2/result_value|unit": "mmol/l",
 "laboratory_test_report/laboratory_test/laboratory_test_panel/laboratory_result:2/result_value/_normal_range/lower|magnitude": "133",
 "laboratory_test_report/laboratory_test/laboratory_test_panel/laboratory_result:2/result_value/_normal_range/lower|unit": "mmol/l",
 "laboratory_test_report/laboratory_test/laboratory_test_panel/laboratory_result:2/result_value/_normal_range/upper|magnitude": "146",
 "laboratory_test_report/laboratory_test/laboratory_test_panel/laboratory_result:2/result_value/_normal_range/upper|unit": "mmol/l",
 "laboratory_test_report/laboratory_test/laboratory_test_panel/laboratory_result:3/result_value/_name|code": "Potassium",
 "laboratory_test_report/laboratory_test/laboratory_test_panel/laboratory_result:3/result_value/_name|value": "365760004",
 "laboratory_test_report/laboratory_test/laboratory_test_panel/laboratory_result:3/result_value/_name|terminology": "SNOMED-CT",
 "laboratory_test_report/laboratory_test/laboratory_test_panel/laboratory_result:3/result_value|magnitude": "6.1",
 "laboratory_test_report/laboratory_test/laboratory_test_panel/laboratory_result:3/result_value|unit": "mmol/l",
 "laboratory_test_report/laboratory_test/laboratory_test_panel/laboratory_result:3/result_value/_normal_range/lower|magnitude": "3.5",
 "laboratory_test_report/laboratory_test/laboratory_test_panel/laboratory_result:3/result_value/_normal_range/lower|unit": "mmol/l",
 "laboratory_test_report/laboratory_test/laboratory_test_panel/laboratory_result:3/result_value/_normal_range/upper|magnitude": "5.3",
 "laboratory_test_report/laboratory_test/laboratory_test_panel/laboratory_result:3/result_value/_normal_range/upper|unit": "mmol/l",
}
