{
 "ctx/composer_name": "Dr Lab",
 "ctx/health_care_facility|id": "999999-34567",
 "ctx/health_care_facility|name": "Super Labs Inc",
 "ctx/id_namespace": "NHS-UK",
 "ctx/id_scheme": "2.16.840.1.113883.2.1.4.3",
 "ctx/language": "en",
 "ctx/territory": "GB",
 "ctx/time": "2015-03-22T00:11:02.518+02:00",
 "ctx/history_origin": "2015-03-21T00:11:02.518+02:00",
 "laboratory_test_report/laboratory_test/test_name|value": "complete blood count",
 "laboratory_test_report/laboratory_test/test_name|code": "26604007",
 "laboratory_test_report/laboratory_test/test_name|terminology": "SNOMED-CT",
 "laboratory_test_report/laboratory_test/test_status|code": "at0038",
 "laboratory_test_report/laboratory_test/test_status|value": "Final",
 "laboratory_test_report/laboratory_test/test_status_timestamp": "2015-06-13T00:11:02.518+02:00",
  "laboratory_test_report/laboratory_test/laboratory_test_panel/laboratory_result:0/result_value/_name|value": "white blood cell count",
 "laboratory_test_report/laboratory_test/laboratory_test_panel/laboratory_result:0/result_value/_name|code": "767002",
 "laboratory_test_report/laboratory_test/laboratory_test_panel/laboratory_result:0/result_value/_name|terminology": "SNOMED-CT",
 "laboratory_test_report/laboratory_test/laboratory_test_panel/laboratory_result:0/result_value|magnitude": 9.8,
 "laboratory_test_report/laboratory_test/laboratory_test_panel/laboratory_result:0/result_value|unit": "10*9/l",
 "laboratory_test_report/laboratory_test/laboratory_test_panel/laboratory_result:0/result_value/_normal_range/lower|magnitude": "3.6",
 "laboratory_test_report/laboratory_test/laboratory_test_panel/laboratory_result:0/result_value/_normal_range/lower|unit": "10*9/l",
 "laboratory_test_report/laboratory_test/laboratory_test_panel/laboratory_result:0/result_value/_normal_range/upper|magnitude": "11.0",
 "laboratory_test_report/laboratory_test/laboratory_test_panel/laboratory_result:0/result_value/_normal_range/upper|unit": "10*9/l",
 "laboratory_test_report/laboratory_test/laboratory_test_panel/laboratory_result:0/comment": "this is a normal result",
 "laboratory_test_report/laboratory_test/laboratory_test_panel/laboratory_result:1/result_value/_name|value": "neutrophil count",
 "laboratory_test_report/laboratory_test/laboratory_test_panel/laboratory_result:1/result_value/_name|code": "30630007",
 "laboratory_test_report/laboratory_test/laboratory_test_panel/laboratory_result:1/result_value/_name|terminology": "SNOMED-CT",
 "laboratory_test_report/laboratory_test/laboratory_test_panel/laboratory_result:1/result_value|magnitude": 5.8,
 "laboratory_test_report/laboratory_test/laboratory_test_panel/laboratory_result:1/result_value|unit": "10*9/l",
 "laboratory_test_report/laboratory_test/laboratory_test_panel/laboratory_result:1/result_value/_normal_range/lower|magnitude": "1.8",
 "laboratory_test_report/laboratory_test/laboratory_test_panel/laboratory_result:1/result_value/_normal_range/lower|unit": "10*9/l",
 "laboratory_test_report/laboratory_test/laboratory_test_panel/laboratory_result:1/result_value/_normal_range/upper|magnitude": "7.5",
 "laboratory_test_report/laboratory_test/laboratory_test_panel/laboratory_result:1/result_value/_normal_range/upper|unit": "10*9/l",
 "laboratory_test_report/laboratory_test/laboratory_test_panel/laboratory_result:2/result_value/_name|value": "lymphocyte count",
 "laboratory_test_report/laboratory_test/laboratory_test_panel/laboratory_result:2/result_value/_name|code": "74765001",
 "laboratory_test_report/laboratory_test/laboratory_test_panel/laboratory_result:2/result_value/_name|terminology": "SNOMED-CT",
 "laboratory_test_report/laboratory_test/laboratory_test_panel/laboratory_result:2/result_value|magnitude": 2.2,
 "laboratory_test_report/laboratory_test/laboratory_test_panel/laboratory_result:2/result_value|unit": "10*9/l",
 "laboratory_test_report/laboratory_test/laboratory_test_panel/laboratory_result:2/result_value/_normal_range/lower|magnitude": "1.0",
 "laboratory_test_report/laboratory_test/laboratory_test_panel/laboratory_result:2/result_value/_normal_range/lower|unit": "10*9/l",
 "laboratory_test_report/laboratory_test/laboratory_test_panel/laboratory_result:2/result_value/_normal_range/upper|magnitude": "4.0",
 "laboratory_test_report/laboratory_test/laboratory_test_panel/laboratory_result:2/result_value/_normal_range/upper|unit": "10*9/l",
 "laboratory_test_report/laboratory_test/laboratory_test_panel/laboratory_result:3/result_value/_name|code": "platelet count",
 "laboratory_test_report/laboratory_test/laboratory_test_panel/laboratory_result:3/result_value/_name|value": "61928009",
 "laboratory_test_report/laboratory_test/laboratory_test_panel/laboratory_result:3/result_value/_name|terminology": "SNOMED-CT",
 "laboratory_test_report/laboratory_test/laboratory_test_panel/laboratory_result:3/result_value|magnitude": "237",
 "laboratory_test_report/laboratory_test/laboratory_test_panel/laboratory_result:3/result_value|unit": "10*9/l",
 "laboratory_test_report/laboratory_test/laboratory_test_panel/laboratory_result:3/result_value/_normal_range/lower|magnitude": "140",
 "laboratory_test_report/laboratory_test/laboratory_test_panel/laboratory_result:3/result_value/_normal_range/lower|unit": "10*9/l",
 "laboratory_test_report/laboratory_test/laboratory_test_panel/laboratory_result:3/result_value/_normal_range/upper|magnitude": "400",
 "laboratory_test_report/laboratory_test/laboratory_test_panel/laboratory_result:3/result_value/_normal_range/upper|unit": "10*9/l",
 "laboratory_test_report/laboratory_test/laboratory_test_panel/laboratory_result:4/result_value/_name|code": "heamoglobin level estimation",
 "laboratory_test_report/laboratory_test/laboratory_test_panel/laboratory_result:4/result_value/_name|value": "271026005",
 "laboratory_test_report/laboratory_test/laboratory_test_panel/laboratory_result:4/result_value/_name|terminology": "SNOMED-CT",
 "laboratory_test_report/laboratory_test/laboratory_test_panel/laboratory_result:4/result_value|magnitude": "177",
 "laboratory_test_report/laboratory_test/laboratory_test_panel/laboratory_result:4/result_value|unit": "g/l",
 "laboratory_test_report/laboratory_test/laboratory_test_panel/laboratory_result:4/result_value/_normal_range/lower|magnitude": "130",
 "laboratory_test_report/laboratory_test/laboratory_test_panel/laboratory_result:4/result_value/_normal_range/lower|unit": "g/l",
 "laboratory_test_report/laboratory_test/laboratory_test_panel/laboratory_result:4/result_value/_normal_range/upper|magnitude": "180",
 "laboratory_test_report/laboratory_test/laboratory_test_panel/laboratory_result:4/result_value/_normal_range/upper|unit": "g/l",
 "laboratory_test_report/laboratory_test/conclusion": "normal result"
}
